[ {
  "numeroFactura" : 15,
  "fecha" : "2024-02-13T21:25:51",
  "cliente" : {
    "id" : 1,
    "nombre" : "Juan",
    "apellido" : "Perez",
    "email" : "jperez@gmail.com",
    "direccion" : "1001",
    "celular" : "31448975",
    "documento" : "1001",
    "fullName" : "Juan Perez"
  },
  "items" : [ {
    "cantidad" : 2,
    "producto" : {
      "codigo" : 1,
      "nombre" : "Producto1",
      "descripcion" : "Descripción del Producto 1",
      "precioVenta" : 50.0,
      "precioCompra" : 30.0,
      "codigoNombre" : "1 Producto1 $ 50,00",
      "utilidad" : 20.0
    },
    "importe" : 100.0
  }, {
    "cantidad" : 1,
    "producto" : {
      "codigo" : 2,
      "nombre" : "Producto2",
      "descripcion" : "Descripción del Producto 2",
      "precioVenta" : 40.0,
      "precioCompra" : 25.0,
      "codigoNombre" : "2 Producto2 $ 40,00",
      "utilidad" : 15.0
    },
    "importe" : 40.0
  } ],
  "impuesto" : 26.6,
  "descuentos" : null,
  "totalFacturaIva" : 26.6,
  "totalFactura" : 140.0